avg_recall,avg_time_per_query_s,build_time_s,method,param_T,param_m,qps,recall_n
0.21166666666666667,0.0014252219965176967,16.531249661988113,Neural LSH,3,100,701.6450787620041,50
0.23,0.004889629669681502,14.333672995009692,Neural LSH,5,100,204.5144658297072,50
0.24666666666666667,0.005630713584347784,18.186508117010817,Neural LSH,10,100,177.59738353230978,50
0.24333333333333332,0.0008670741675208168,16.16521032199671,Neural LSH,3,200,1153.303878097593,50
0.26,0.0009059914118552115,16.678080291996594,Neural LSH,5,200,1103.76322216155,50
0.24666666666666667,0.0027028140818098714,15.724015351006528,Neural LSH,10,200,369.9847528285686,50
