avg_recall,avg_time_per_query_s,build_time_s,method,param_M,param_kclusters,param_nbits,param_nprobe,qps,recall_n
0.12333333333333334,0.0005885528322930137,12.614398328005336,IVF-PQ,16,50,6,1,1699.0828097861322,50
0.13166666666666668,0.001251215082447743,15.220651366995298,IVF-PQ,16,50,8,1,799.2231024291261,50
0.17,0.0017778524997993372,11.822107668005629,IVF-PQ,16,50,6,5,562.476358479046,50
0.19333333333333333,0.0020043895844234307,13.405216265004128,IVF-PQ,16,50,8,5,498.90500717586457,50
0.17,0.0029809715827771774,10.997298086993396,IVF-PQ,16,50,6,10,335.4610979110257,50
0.18666666666666668,0.002772667667159112,14.427532916000928,IVF-PQ,16,50,8,10,360.6634909204984,50
