avg_recall,avg_time_per_query_s,build_time_s,method,param_M,param_kclusters,param_nbits,param_nprobe,qps,recall_n
0.13833333333333334,0.0012375973346934188,18.025501834999886,IVF-PQ,16,100,8,1,808.0172540511513,50
0.18500000000000003,0.0010342150829577197,17.91447168000741,IVF-PQ,16,100,8,5,966.916859441008,50
0.18666666666666668,0.0017393147463735659,17.31448833399918,IVF-PQ,16,100,8,10,574.9390684377158,50
